trial_id,fractal_left,fractal_right,cue_switched,fractal_advantage,outcome_left_probability,outcome_left_category,outcome_right_probability,outcome_right_category,jitter1_time,jitter2_time,explicit_prediction_question
1,fractals/7.jpg,fractals/6.jpg,0,fractals/6.jpg,19,low,78,high,2.4,2.4,1
2,fractals/7.jpg,fractals/6.jpg,0,fractals/6.jpg,47,medium,73,high,1.8,1.7,0
3,fractals/7.jpg,fractals/6.jpg,0,fractals/6.jpg,21,low,82,high,2.2,2.1,0
4,fractals/7.jpg,fractals/6.jpg,0,fractals/6.jpg,24,low,73,high,2.3,2.5,1
5,fractals/7.jpg,fractals/6.jpg,0,fractals/6.jpg,22,low,71,high,1.9,2.0,1
6,fractals/7.jpg,fractals/6.jpg,0,fractals/6.jpg,47,medium,50,medium,2.3,2.5,1
7,fractals/6.jpg,fractals/7.jpg,0,fractals/6.jpg,22,low,23,low,1.6,2.1,0
8,fractals/6.jpg,fractals/7.jpg,0,fractals/6.jpg,49,medium,27,low,1.9,1.6,1
9,fractals/7.jpg,fractals/6.jpg,0,fractals/6.jpg,37,medium,65,high,2.3,1.7,0
10,fractals/6.jpg,fractals/7.jpg,0,fractals/6.jpg,25,low,27,low,2.1,2.4,0
11,fractals/6.jpg,fractals/7.jpg,1,fractals/7.jpg,12,low,69,high,1.7,2.2,0
12,fractals/6.jpg,fractals/7.jpg,1,fractals/7.jpg,46,medium,74,high,2.4,2.1,1
13,fractals/6.jpg,fractals/7.jpg,1,fractals/7.jpg,29,low,80,high,2.3,1.8,1
14,fractals/6.jpg,fractals/7.jpg,1,fractals/7.jpg,22,low,24,low,1.5,2.3,0
15,fractals/7.jpg,fractals/6.jpg,1,fractals/7.jpg,71,high,32,low,2.4,2.0,0
16,fractals/6.jpg,fractals/7.jpg,1,fractals/7.jpg,47,medium,26,low,2.1,1.7,0
17,fractals/6.jpg,fractals/7.jpg,1,fractals/7.jpg,24,low,22,low,2.4,2.3,0
18,fractals/7.jpg,fractals/6.jpg,1,fractals/7.jpg,72,high,81,high,1.7,2.4,1
19,fractals/6.jpg,fractals/7.jpg,1,fractals/7.jpg,25,low,52,medium,1.5,1.7,0
20,fractals/6.jpg,fractals/7.jpg,1,fractals/7.jpg,20,low,14,low,1.5,1.6,0
21,fractals/6.jpg,fractals/7.jpg,1,fractals/7.jpg,26,low,73,high,2.1,1.7,0
22,fractals/7.jpg,fractals/6.jpg,1,fractals/7.jpg,74,high,32,low,1.6,2.3,0
23,fractals/7.jpg,fractals/6.jpg,1,fractals/7.jpg,72,high,28,low,2.1,2.3,0
24,fractals/6.jpg,fractals/7.jpg,0,fractals/6.jpg,71,high,55,medium,1.9,1.6,1
25,fractals/6.jpg,fractals/7.jpg,0,fractals/6.jpg,75,high,20,low,1.8,2.3,0
26,fractals/6.jpg,fractals/7.jpg,0,fractals/6.jpg,54,medium,20,low,1.8,1.7,0
27,fractals/6.jpg,fractals/7.jpg,0,fractals/6.jpg,78,high,25,low,2.3,1.5,0
28,fractals/7.jpg,fractals/6.jpg,0,fractals/6.jpg,33,low,74,high,2.2,2.4,0
29,fractals/6.jpg,fractals/7.jpg,0,fractals/6.jpg,82,high,28,low,2.0,2.3,1
30,fractals/6.jpg,fractals/7.jpg,0,fractals/6.jpg,79,high,23,low,2.1,2.4,0
31,fractals/6.jpg,fractals/7.jpg,0,fractals/6.jpg,76,high,53,medium,2.1,2.5,0
32,fractals/6.jpg,fractals/7.jpg,0,fractals/6.jpg,69,high,83,high,2.2,1.7,0
33,fractals/7.jpg,fractals/6.jpg,0,fractals/6.jpg,27,low,48,medium,1.8,2.0,0
34,fractals/7.jpg,fractals/6.jpg,0,fractals/6.jpg,26,low,54,medium,2.4,1.9,0
35,fractals/7.jpg,fractals/6.jpg,0,fractals/6.jpg,25,low,68,high,1.7,1.5,0
36,fractals/6.jpg,fractals/7.jpg,0,fractals/6.jpg,26,low,28,low,2.4,2.0,1
37,fractals/6.jpg,fractals/7.jpg,1,fractals/7.jpg,28,low,51,medium,1.9,2.2,0
38,fractals/6.jpg,fractals/7.jpg,1,fractals/7.jpg,22,low,67,high,2.1,1.6,0
39,fractals/7.jpg,fractals/6.jpg,1,fractals/7.jpg,81,high,29,low,2.2,2.4,0
40,fractals/6.jpg,fractals/7.jpg,1,fractals/7.jpg,72,high,79,high,1.8,1.7,1
41,fractals/7.jpg,fractals/6.jpg,1,fractals/7.jpg,77,high,56,medium,2.1,1.8,0
42,fractals/7.jpg,fractals/6.jpg,1,fractals/7.jpg,53,medium,24,low,2.2,2.3,0
43,fractals/7.jpg,fractals/6.jpg,1,fractals/7.jpg,68,high,41,medium,2.1,1.8,0
44,fractals/6.jpg,fractals/7.jpg,1,fractals/7.jpg,26,low,77,high,1.6,2.4,0
45,fractals/7.jpg,fractals/6.jpg,1,fractals/7.jpg,65,high,17,low,2.2,2.1,1
46,fractals/6.jpg,fractals/7.jpg,1,fractals/7.jpg,47,medium,67,high,1.8,1.7,1
47,fractals/6.jpg,fractals/7.jpg,1,fractals/7.jpg,32,low,80,high,2.0,2.4,0
48,fractals/7.jpg,fractals/6.jpg,1,fractals/7.jpg,80,high,21,low,2.3,1.9,0
49,fractals/6.jpg,fractals/7.jpg,1,fractals/7.jpg,20,low,72,high,1.7,1.5,1
50,fractals/7.jpg,fractals/6.jpg,1,fractals/7.jpg,68,high,35,low,2.1,1.9,0
51,fractals/7.jpg,fractals/6.jpg,1,fractals/7.jpg,27,low,27,low,2.4,1.9,0
52,fractals/7.jpg,fractals/6.jpg,0,fractals/6.jpg,26,low,44,medium,2.1,1.7,0
53,fractals/7.jpg,fractals/6.jpg,0,fractals/6.jpg,25,low,24,low,2.2,1.9,0
54,fractals/7.jpg,fractals/6.jpg,0,fractals/6.jpg,47,medium,78,high,2.0,2.0,0
55,fractals/6.jpg,fractals/7.jpg,0,fractals/6.jpg,43,medium,80,high,1.8,2.2,0
56,fractals/7.jpg,fractals/6.jpg,0,fractals/6.jpg,29,low,22,low,1.6,1.8,0
57,fractals/7.jpg,fractals/6.jpg,0,fractals/6.jpg,30,low,29,low,1.9,1.8,0
58,fractals/6.jpg,fractals/7.jpg,0,fractals/6.jpg,53,medium,53,medium,2.1,2.0,1
59,fractals/7.jpg,fractals/6.jpg,0,fractals/6.jpg,16,low,75,high,2.3,1.7,0
60,fractals/7.jpg,fractals/6.jpg,0,fractals/6.jpg,16,low,75,high,2.0,2.0,1
61,fractals/6.jpg,fractals/7.jpg,0,fractals/6.jpg,73,high,24,low,2.4,2.3,0
62,fractals/6.jpg,fractals/7.jpg,0,fractals/6.jpg,49,medium,31,low,1.7,2.2,1
63,fractals/7.jpg,fractals/6.jpg,0,fractals/6.jpg,33,low,75,high,1.6,2.2,1
64,fractals/7.jpg,fractals/6.jpg,0,fractals/6.jpg,29,low,79,high,2.0,2.0,0
65,fractals/7.jpg,fractals/6.jpg,0,fractals/6.jpg,28,low,76,high,2.1,1.9,0
66,fractals/7.jpg,fractals/6.jpg,0,fractals/6.jpg,23,low,61,high,1.7,1.7,1
67,fractals/7.jpg,fractals/6.jpg,0,fractals/6.jpg,24,low,84,high,1.6,2.4,0
68,fractals/7.jpg,fractals/6.jpg,1,fractals/7.jpg,82,high,24,low,1.8,2.2,0
69,fractals/6.jpg,fractals/7.jpg,1,fractals/7.jpg,81,high,46,medium,1.7,2.2,1
70,fractals/7.jpg,fractals/6.jpg,1,fractals/7.jpg,76,high,55,medium,2.1,2.4,0
71,fractals/6.jpg,fractals/7.jpg,1,fractals/7.jpg,51,medium,53,medium,1.5,2.5,0
72,fractals/6.jpg,fractals/7.jpg,1,fractals/7.jpg,31,low,72,high,2.0,1.7,1
73,fractals/6.jpg,fractals/7.jpg,1,fractals/7.jpg,24,low,94,high,2.4,2.3,0
74,fractals/6.jpg,fractals/7.jpg,1,fractals/7.jpg,54,medium,76,high,2.4,2.2,0
75,fractals/6.jpg,fractals/7.jpg,1,fractals/7.jpg,61,medium,84,high,1.6,2.0,1
76,fractals/7.jpg,fractals/6.jpg,1,fractals/7.jpg,46,medium,14,low,2.1,1.9,0
77,fractals/7.jpg,fractals/6.jpg,1,fractals/7.jpg,76,high,28,low,2.1,2.3,1
78,fractals/6.jpg,fractals/7.jpg,1,fractals/7.jpg,47,medium,52,medium,1.7,2.0,0
79,fractals/6.jpg,fractals/7.jpg,1,fractals/7.jpg,59,medium,52,medium,2.1,2.1,0
80,fractals/6.jpg,fractals/7.jpg,1,fractals/7.jpg,27,low,20,low,2.0,2.3,0
