question_idx,question_text
1,How excited would you be to write about your personal experience later?
2,How excited would you be to comment on someone's opinion later?
3,"How excited would you be to see that you had 
a HIGH (around 75%) chance 
of writing about your personal experience (vs. commenting on an opinion) later?"
4,"How excited would you be to see that you had 
a MEDIUM (around 50%) chance 
of writing about your personal experience (vs. commenting on an opinion) later?"
5,"How excited would you be to see that you had 
a LOW (around 25%) chance 
of writing about your personal experience (vs. commenting on an opinion) later?"